Observation,Energy
50001,65.0
50002,74.0
50003,50.0
50004,67.0
50005,40.0
50006,130.0
50007,111.0
50008,42.0
50009,257.0
50010,43.0
50011,50.0
50012,107.0
50013,46.0
50014,86.0
50015,51.0
50016,98.0
50017,59.0
50018,187.0
50019,36.0
50020,100.0
50021,62.0
50022,132.0
50023,127.0
50024,65.0
50025,91.0
50026,64.0
50027,258.0
50028,194.0
50029,52.0
50030,50.0
50031,52.0
50032,144.0
50033,65.0
50034,41.0
50035,139.0
50036,58.0
50037,50.0
50038,57.0
50039,141.0
50040,47.0
50041,51.0
50042,49.0
50043,44.0
50044,56.0
50045,81.0
50046,107.0
50047,47.0
50048,50.0
50049,48.0
50050,80.0
50051,136.0
50052,46.0
50053,52.0
50054,226.0
50055,123.0
50056,48.0
50057,55.0
50058,93.0
50059,54.0
50060,275.0
50061,62.0
50062,45.0
50063,44.0
50064,87.0
50065,44.0
50066,80.0
50067,103.0
50068,51.0
50069,224.0
50070,61.0
50071,75.0
50072,92.0
50073,163.0
50074,55.0
50075,47.0
50076,52.0
50077,53.0
50078,88.0
50079,116.0
50080,48.0
50081,67.0
50082,94.0
50083,52.0
50084,44.0
50085,141.0
50086,58.0
50087,153.0
50088,56.0
50089,47.0
50090,113.0
50091,49.0
50092,63.0
50093,160.0
50094,216.0
50095,107.0
50096,50.0
50097,52.0
50098,51.0
50099,82.0
50100,149.0
50101,32.0
50102,60.0
50103,70.0
50104,172.0
50105,96.0
50106,48.0
50107,97.0
50108,239.0
50109,58.0
50110,84.0
50111,56.0
50112,205.0
50113,53.0
50114,68.0
50115,65.0
50116,48.0
50117,70.0
50118,49.0
50119,120.0
50120,214.0
50121,96.0
50122,62.0
50123,107.0
50124,70.0
50125,51.0
50126,222.0
50127,66.0
50128,40.0
50129,112.0
50130,52.0
50131,139.0
50132,50.0
50133,54.0
50134,168.0
50135,60.0
50136,152.0
50137,367.0
50138,63.0
50139,39.0
50140,42.0
50141,531.0
50142,202.0
50143,55.0
50144,50.0
50145,84.0
50146,41.0
50147,79.0
50148,71.0
50149,83.0
50150,105.0
50151,288.0
50152,57.0
50153,79.0
50154,56.0
50155,39.0
50156,61.0
50157,117.0
50158,80.0
50159,52.0
50160,110.0
50161,61.0
50162,47.0
50163,88.0
50164,74.0
50165,184.0
50166,94.0
50167,126.0
50168,106.0
50169,45.0
50170,68.0
50171,111.0
50172,59.0
50173,50.0
50174,66.0
50175,52.0
50176,128.0
50177,95.0
50178,50.0
50179,44.0
50180,65.0
50181,215.0
50182,63.0
50183,48.0
50184,54.0
50185,50.0
50186,100.0
50187,231.0
50188,67.0
50189,65.0
50190,102.0
50191,66.0
50192,51.0
50193,60.0
50194,95.0
50195,55.0
50196,72.0
50197,49.0
50198,179.0
50199,44.0
50200,223.0
50201,55.0
50202,48.0
50203,283.0
50204,66.0
50205,75.0
50206,161.0
50207,50.0
50208,122.0
50209,225.0
50210,107.0
50211,61.0
50212,50.0
50213,580.0
50214,49.0
50215,167.0
50216,50.0
50217,33.0
50218,50.0
50219,70.0
50220,62.0
50221,60.0
50222,56.0
50223,34.0
50224,109.0
50225,59.0
50226,115.0
50227,126.0
50228,66.0
50229,56.0
50230,183.0
50231,400.0
50232,480.0
50233,56.0
50234,239.0
50235,147.0
50236,86.0
50237,48.0
50238,89.0
50239,42.0
50240,109.0
50241,41.0
50242,55.0
50243,49.0
50244,54.0
50245,55.0
50246,186.0
50247,89.0
50248,60.0
50249,345.0
50250,71.0
50251,44.0
50252,53.0
50253,80.0
50254,47.0
50255,73.0
50256,62.0
50257,33.0
50258,289.0
50259,64.0
50260,134.0
50261,105.0
50262,49.0
50263,62.0
50264,65.0
50265,48.0
50266,49.0
50267,59.0
50268,98.0
50269,75.0
50270,177.0
50271,105.0
50272,130.0
50273,180.0
50274,66.0
50275,104.0
50276,102.0
50277,299.0
50278,45.0
50279,48.0
50280,54.0
50281,41.0
50282,73.0
50283,190.0
50284,89.0
50285,53.0
50286,59.0
50287,40.0
50288,110.0
50289,48.0
50290,48.0
50291,58.0
50292,46.0
50293,54.0
50294,48.0
50295,114.0
50296,54.0
50297,210.0
50298,53.0
50299,99.0
50300,198.0
50301,41.0
50302,116.0
50303,72.0
50304,272.0
50305,49.0
50306,167.0
50307,43.0
50308,45.0
50309,68.0
50310,55.0
50311,176.0
50312,62.0
50313,90.0
50314,72.0
50315,40.0
50316,171.0
50317,85.0
50318,63.0
50319,69.0
50320,93.0
50321,50.0
50322,184.0
50323,50.0
50324,46.0
50325,105.0
50326,68.0
50327,91.0
50328,71.0
50329,50.0
50330,44.0
50331,93.0
50332,79.0
50333,63.0
50334,67.0
50335,356.0
50336,50.0
50337,112.0
50338,50.0
50339,36.0
50340,104.0
50341,39.0
50342,58.0
50343,39.0
50344,75.0
50345,44.0
50346,152.0
50347,54.0
50348,55.0
50349,50.0
50350,88.0
50351,27.0
50352,99.0
50353,262.0
50354,55.0
50355,56.0
50356,80.0
50357,379.0
50358,56.0
50359,67.0
50360,82.0
50361,123.0
50362,108.0
50363,51.0
50364,127.0
50365,101.0
50366,54.0
50367,96.0
50368,316.0
50369,41.0
50370,99.0
50371,489.0
50372,50.0
50373,327.0
50374,138.0
50375,127.0
50376,110.0
50377,158.0
50378,75.0
50379,63.0
50380,275.0
50381,80.0
50382,82.0
50383,47.0
50384,101.0
50385,59.0
50386,45.0
50387,92.0
50388,42.0
50389,40.0
50390,63.0
50391,131.0
50392,46.0
50393,57.0
50394,63.0
50395,186.0
50396,59.0
50397,56.0
50398,99.0
50399,61.0
50400,49.0
50401,52.0
50402,67.0
50403,100.0
50404,81.0
50405,31.0
50406,117.0
50407,60.0
50408,213.0
50409,122.0
50410,169.0
50411,55.0
50412,112.0
50413,47.0
50414,91.0
50415,130.0
50416,55.0
50417,66.0
50418,76.0
50419,38.0
50420,123.0
50421,107.0
50422,59.0
50423,99.0
50424,66.0
50425,313.0
50426,126.0
50427,42.0
50428,118.0
50429,125.0
50430,95.0
50431,78.0
50432,60.0
50433,51.0
50434,53.0
50435,49.0
50436,58.0
50437,72.0
50438,67.0
50439,241.0
50440,62.0
50441,58.0
50442,47.0
50443,42.0
50444,94.0
50445,265.0
50446,65.0
50447,44.0
50448,74.0
50449,55.0
50450,88.0
50451,155.0
50452,53.0
50453,49.0
50454,45.0
50455,50.0
50456,52.0
50457,77.0
50458,36.0
50459,153.0
50460,67.0
50461,39.0
50462,304.0
50463,67.0
50464,171.0
50465,38.0
50466,136.0
50467,103.0
50468,164.0
50469,68.0
50470,57.0
50471,77.0
50472,48.0
50473,97.0
50474,88.0
50475,105.0
50476,60.0
50477,60.0
50478,124.0
50479,71.0
50480,64.0
50481,135.0
50482,125.0
50483,37.0
50484,54.0
50485,311.0
50486,54.0
50487,41.0
50488,112.0
50489,327.0
50490,58.0
50491,160.0
50492,157.0
50493,40.0
50494,65.0
50495,52.0
50496,59.0
50497,53.0
50498,69.0
50499,101.0
50500,32.0
50501,57.0
50502,52.0
50503,55.0
50504,63.0
50505,36.0
50506,43.0
50507,53.0
50508,55.0
50509,57.0
50510,61.0
50511,74.0
50512,52.0
50513,45.0
50514,106.0
50515,102.0
50516,110.0
50517,87.0
50518,62.0
50519,136.0
50520,193.0
50521,29.0
50522,69.0
50523,168.0
50524,31.0
50525,61.0
50526,52.0
50527,49.0
50528,69.0
50529,115.0
50530,77.0
50531,75.0
50532,149.0
50533,52.0
50534,58.0
50535,80.0
50536,62.0
50537,51.0
50538,322.0
50539,197.0
50540,51.0
50541,72.0
50542,60.0
50543,101.0
50544,73.0
50545,150.0
50546,51.0
50547,96.0
50548,57.0
50549,66.0
50550,43.0
50551,83.0
50552,88.0
50553,265.0
50554,47.0
50555,35.0
50556,81.0
50557,42.0
50558,97.0
50559,105.0
50560,128.0
50561,381.0
50562,96.0
50563,50.0
50564,55.0
50565,38.0
50566,301.0
50567,112.0
50568,54.0
50569,30.0
50570,61.0
50571,233.0
50572,204.0
50573,52.0
50574,68.0
50575,51.0
50576,48.0
50577,46.0
50578,67.0
50579,147.0
50580,83.0
50581,53.0
50582,39.0
50583,69.0
50584,75.0
50585,60.0
50586,89.0
50587,59.0
50588,30.0
50589,215.0
50590,77.0
50591,144.0
50592,90.0
50593,48.0
50594,51.0
50595,46.0
50596,73.0
50597,199.0
50598,218.0
50599,108.0
50600,52.0
50601,44.0
50602,181.0
50603,46.0
50604,98.0
50605,77.0
50606,35.0
50607,84.0
50608,43.0
50609,56.0
50610,56.0
50611,50.0
50612,48.0
50613,93.0
50614,38.0
50615,48.0
50616,76.0
50617,61.0
50618,51.0
50619,60.0
50620,61.0
50621,121.0
50622,181.0
50623,105.0
50624,86.0
50625,125.0
50626,133.0
50627,125.0
50628,98.0
50629,187.0
50630,83.0
50631,427.0
50632,76.0
50633,83.0
50634,407.0
50635,219.0
50636,212.0
50637,57.0
50638,85.0
50639,44.0
50640,117.0
50641,45.0
50642,42.0
50643,54.0
50644,46.0
50645,91.0
50646,129.0
50647,70.0
50648,62.0
50649,49.0
50650,110.0
50651,55.0
50652,49.0
50653,58.0
50654,104.0
50655,63.0
50656,74.0
50657,226.0
50658,66.0
50659,124.0
50660,98.0
50661,41.0
50662,35.0
50663,42.0
50664,66.0
50665,47.0
50666,63.0
50667,39.0
50668,49.0
50669,179.0
50670,272.0
50671,45.0
50672,56.0
50673,56.0
50674,47.0
50675,79.0
50676,51.0
50677,50.0
50678,99.0
50679,91.0
50680,119.0
50681,110.0
50682,48.0
50683,68.0
50684,67.0
50685,136.0
50686,48.0
50687,124.0
50688,42.0
50689,44.0
50690,33.0
50691,102.0
50692,308.0
50693,44.0
50694,92.0
50695,256.0
50696,53.0
50697,108.0
50698,77.0
50699,97.0
50700,32.0
50701,62.0
50702,302.0
50703,77.0
50704,59.0
50705,49.0
50706,59.0
50707,68.0
50708,298.0
50709,44.0
50710,46.0
50711,130.0
50712,51.0
50713,41.0
50714,222.0
50715,108.0
50716,51.0
50717,61.0
50718,153.0
50719,56.0
50720,147.0
50721,74.0
50722,125.0
50723,53.0
50724,91.0
50725,128.0
50726,47.0
50727,60.0
50728,279.0
50729,45.0
50730,193.0
50731,343.0
50732,69.0
50733,43.0
50734,244.0
50735,137.0
50736,137.0
50737,50.0
50738,100.0
50739,50.0
50740,62.0
50741,46.0
50742,114.0
50743,178.0
50744,41.0
50745,31.0
50746,151.0
50747,59.0
50748,258.0
50749,54.0
50750,93.0
50751,45.0
50752,64.0
50753,91.0
50754,43.0
50755,50.0
50756,93.0
50757,90.0
50758,42.0
50759,75.0
50760,62.0
50761,149.0
50762,56.0
50763,39.0
50764,61.0
50765,50.0
50766,51.0
50767,57.0
50768,72.0
50769,73.0
50770,49.0
50771,47.0
50772,111.0
50773,48.0
50774,100.0
50775,93.0
50776,122.0
50777,91.0
50778,148.0
50779,218.0
50780,58.0
50781,38.0
50782,48.0
50783,127.0
50784,240.0
50785,72.0
50786,45.0
50787,94.0
50788,230.0
50789,59.0
50790,60.0
50791,45.0
50792,50.0
50793,40.0
50794,52.0
50795,49.0
50796,62.0
50797,51.0
50798,283.0
50799,296.0
50800,90.0
50801,271.0
50802,101.0
50803,62.0
50804,132.0
50805,234.0
50806,60.0
50807,78.0
50808,104.0
50809,56.0
50810,86.0
50811,39.0
50812,237.0
50813,88.0
50814,313.0
50815,97.0
50816,42.0
50817,102.0
50818,108.0
50819,66.0
50820,185.0
50821,40.0
50822,256.0
50823,54.0
50824,321.0
50825,75.0
50826,32.0
50827,258.0
50828,42.0
50829,42.0
50830,57.0
50831,90.0
50832,86.0
50833,58.0
50834,68.0
50835,48.0
50836,51.0
50837,91.0
50838,50.0
50839,58.0
50840,58.0
50841,115.0
50842,49.0
50843,106.0
50844,55.0
50845,54.0
50846,42.0
50847,77.0
50848,65.0
50849,50.0
50850,42.0
50851,148.0
50852,75.0
50853,30.0
50854,42.0
50855,117.0
50856,104.0
50857,82.0
50858,39.0
50859,61.0
50860,33.0
50861,156.0
50862,47.0
50863,126.0
50864,89.0
50865,239.0
50866,73.0
50867,56.0
50868,208.0
50869,68.0
50870,30.0
50871,60.0
50872,53.0
50873,155.0
50874,55.0
50875,84.0
50876,374.0
50877,127.0
50878,46.0
50879,145.0
50880,128.0
50881,57.0
50882,312.0
50883,151.0
50884,67.0
50885,165.0
50886,218.0
50887,106.0
50888,38.0
50889,250.0
50890,63.0
50891,53.0
50892,41.0
50893,132.0
50894,61.0
50895,96.0
50896,64.0
50897,55.0
50898,74.0
50899,53.0
50900,88.0
50901,51.0
50902,89.0
50903,64.0
50904,71.0
50905,58.0
50906,32.0
50907,58.0
50908,51.0
50909,72.0
50910,231.0
50911,58.0
50912,47.0
50913,74.0
50914,189.0
50915,60.0
50916,121.0
50917,110.0
50918,70.0
50919,82.0
50920,58.0
50921,181.0
50922,185.0
50923,130.0
50924,88.0
50925,62.0
50926,225.0
50927,56.0
50928,78.0
50929,61.0
50930,58.0
50931,52.0
50932,84.0
50933,33.0
50934,93.0
50935,172.0
50936,39.0
50937,59.0
50938,126.0
50939,26.0
50940,66.0
50941,35.0
50942,79.0
50943,108.0
50944,154.0
50945,52.0
50946,44.0
50947,67.0
50948,55.0
50949,49.0
50950,77.0
50951,36.0
50952,54.0
50953,132.0
50954,38.0
50955,201.0
50956,47.0
50957,48.0
50958,140.0
50959,56.0
50960,196.0
50961,40.0
50962,115.0
50963,42.0
50964,345.0
50965,56.0
50966,52.0
50967,151.0
50968,101.0
50969,58.0
50970,179.0
50971,64.0
50972,76.0
50973,52.0
50974,215.0
50975,82.0
50976,52.0
50977,40.0
50978,63.0
50979,53.0
50980,43.0
50981,36.0
50982,97.0
50983,190.0
50984,151.0
50985,54.0
50986,193.0
50987,75.0
50988,67.0
50989,310.0
50990,42.0
50991,51.0
50992,68.0
50993,70.0
50994,45.0
50995,49.0
50996,58.0
50997,150.0
50998,56.0
50999,132.0
51000,34.0
51001,92.0
51002,77.0
51003,57.0
51004,52.0
51005,207.0
51006,46.0
51007,57.0
51008,102.0
51009,42.0
51010,299.0
51011,105.0
51012,140.0
51013,85.0
51014,120.0
51015,95.0
51016,108.0
51017,50.0
51018,61.0
51019,69.0
51020,51.0
51021,44.0
51022,323.0
51023,39.0
51024,144.0
51025,44.0
51026,93.0
51027,66.0
51028,44.0
51029,68.0
51030,110.0
51031,49.0
51032,118.0
51033,45.0
51034,292.0
51035,49.0
51036,47.0
51037,179.0
51038,43.0
51039,135.0
51040,149.0
51041,37.0
51042,61.0
51043,52.0
51044,54.0
51045,147.0
51046,43.0
51047,153.0
51048,344.0
51049,63.0
51050,75.0
51051,131.0
51052,186.0
51053,40.0
51054,73.0
51055,47.0
51056,52.0
51057,94.0
51058,107.0
51059,63.0
51060,130.0
51061,38.0
51062,388.0
51063,136.0
51064,76.0
51065,33.0
51066,59.0
51067,170.0
51068,51.0
51069,264.0
51070,57.0
51071,210.0
51072,147.0
51073,144.0
51074,43.0
51075,40.0
51076,190.0
51077,210.0
51078,53.0
51079,92.0
51080,93.0
51081,84.0
51082,149.0
51083,48.0
51084,58.0
51085,229.0
51086,40.0
51087,94.0
51088,105.0
51089,111.0
51090,80.0
51091,111.0
51092,444.0
51093,128.0
51094,52.0
51095,360.0
51096,141.0
51097,172.0
51098,52.0
51099,29.0
51100,55.0
51101,49.0
51102,53.0
51103,160.0
51104,84.0
51105,43.0
51106,177.0
51107,74.0
51108,52.0
51109,52.0
51110,68.0
51111,105.0
51112,50.0
51113,53.0
51114,59.0
51115,58.0
51116,76.0
51117,97.0
51118,46.0
51119,52.0
51120,63.0
51121,42.0
51122,94.0
51123,69.0
51124,39.0
51125,56.0
51126,62.0
51127,80.0
51128,175.0
51129,90.0
51130,237.0
51131,214.0
51132,139.0
51133,53.0
51134,142.0
51135,70.0
51136,104.0
51137,90.0
51138,111.0
51139,209.0
51140,89.0
51141,79.0
51142,49.0
51143,357.0
51144,61.0
51145,76.0
51146,49.0
51147,268.0
51148,40.0
51149,49.0
51150,140.0
51151,102.0
51152,55.0
51153,49.0
51154,41.0
51155,60.0
51156,72.0
51157,73.0
51158,122.0
51159,61.0
51160,91.0
51161,139.0
51162,54.0
51163,59.0
51164,64.0
51165,77.0
51166,34.0
51167,53.0
51168,71.0
51169,52.0
51170,177.0
51171,43.0
51172,69.0
51173,100.0
51174,207.0
51175,113.0
51176,64.0
51177,87.0
51178,107.0
51179,49.0
51180,52.0
51181,126.0
51182,50.0
51183,50.0
51184,40.0
51185,98.0
51186,44.0
51187,130.0
51188,202.0
51189,42.0
51190,50.0
51191,123.0
51192,87.0
51193,110.0
51194,42.0
51195,52.0
51196,69.0
51197,53.0
51198,152.0
51199,48.0
51200,325.0
51201,58.0
51202,57.0
51203,126.0
51204,151.0
51205,88.0
51206,97.0
51207,60.0
51208,48.0
51209,214.0
51210,124.0
51211,118.0
51212,51.0
51213,51.0
51214,73.0
51215,44.0
51216,52.0
51217,170.0
51218,350.0
51219,49.0
51220,72.0
51221,179.0
51222,50.0
51223,45.0
51224,68.0
51225,53.0
51226,84.0
51227,64.0
51228,71.0
51229,76.0
51230,66.0
51231,52.0
51232,102.0
51233,89.0
51234,125.0
51235,37.0
51236,58.0
51237,49.0
51238,139.0
51239,49.0
51240,54.0
51241,59.0
51242,54.0
51243,55.0
51244,53.0
51245,41.0
51246,32.0
51247,191.0
51248,57.0
51249,55.0
51250,45.0
51251,47.0
51252,39.0
51253,54.0
51254,92.0
51255,74.0
51256,68.0
51257,123.0
51258,87.0
51259,55.0
51260,55.0
51261,90.0
51262,185.0
51263,48.0
51264,46.0
51265,55.0
51266,504.0
51267,86.0
51268,53.0
51269,222.0
51270,38.0
51271,51.0
51272,115.0
51273,113.0
51274,97.0
51275,50.0
51276,119.0
51277,89.0
51278,34.0
51279,42.0
51280,78.0
51281,40.0
51282,161.0
51283,78.0
51284,160.0
51285,100.0
51286,32.0
51287,39.0
51288,145.0
51289,151.0
51290,132.0
51291,44.0
51292,59.0
51293,188.0
51294,118.0
51295,53.0
51296,79.0
51297,79.0
51298,85.0
51299,49.0
51300,91.0
51301,223.0
51302,198.0
51303,112.0
51304,65.0
51305,232.0
51306,45.0
51307,78.0
51308,94.0
51309,72.0
51310,71.0
51311,61.0
51312,39.0
51313,73.0
51314,94.0
51315,54.0
51316,55.0
51317,120.0
51318,82.0
51319,104.0
51320,92.0
51321,62.0
51322,55.0
51323,55.0
51324,84.0
51325,44.0
51326,113.0
51327,52.0
51328,61.0
51329,50.0
51330,55.0
51331,43.0
51332,225.0
51333,47.0
51334,396.0
51335,54.0
51336,47.0
51337,127.0
51338,43.0
51339,47.0
51340,61.0
51341,60.0
51342,107.0
51343,51.0
51344,51.0
51345,108.0
51346,52.0
51347,73.0
51348,137.0
51349,262.0
51350,103.0
51351,50.0
51352,63.0
51353,61.0
51354,46.0
51355,124.0
51356,131.0
51357,53.0
51358,54.0
51359,53.0
51360,132.0
51361,51.0
51362,58.0
51363,58.0
51364,61.0
51365,56.0
51366,130.0
51367,289.0
51368,286.0
51369,78.0
51370,56.0
51371,41.0
51372,59.0
51373,181.0
51374,54.0
51375,37.0
51376,154.0
51377,127.0
51378,61.0
51379,49.0
51380,89.0
51381,124.0
51382,39.0
51383,39.0
51384,66.0
51385,116.0
51386,75.0
51387,194.0
51388,95.0
51389,50.0
51390,96.0
51391,169.0
51392,53.0
51393,59.0
51394,51.0
51395,85.0
51396,37.0
51397,63.0
51398,124.0
51399,100.0
51400,168.0
51401,277.0
51402,51.0
51403,50.0
51404,91.0
51405,48.0
51406,158.0
51407,225.0
51408,47.0
51409,275.0
51410,118.0
51411,87.0
51412,46.0
51413,57.0
51414,107.0
51415,146.0
51416,53.0
51417,249.0
51418,48.0
51419,57.0
51420,42.0
51421,171.0
51422,51.0
51423,194.0
51424,59.0
51425,36.0
51426,41.0
51427,77.0
51428,37.0
51429,52.0
51430,188.0
51431,87.0
51432,50.0
51433,57.0
51434,127.0
51435,291.0
51436,69.0
51437,59.0
51438,70.0
51439,83.0
51440,50.0
51441,146.0
51442,129.0
51443,41.0
51444,59.0
51445,178.0
51446,153.0
51447,200.0
51448,51.0
51449,60.0
51450,102.0
51451,59.0
51452,187.0
51453,312.0
51454,92.0
51455,51.0
51456,53.0
51457,244.0
51458,47.0
51459,50.0
51460,56.0
51461,84.0
51462,46.0
51463,73.0
51464,45.0
51465,89.0
51466,253.0
51467,69.0
51468,43.0
51469,56.0
51470,162.0
51471,120.0
51472,39.0
51473,64.0
51474,81.0
51475,97.0
51476,226.0
51477,107.0
51478,128.0
51479,52.0
51480,71.0
51481,82.0
51482,46.0
51483,66.0
51484,97.0
51485,124.0
51486,48.0
51487,42.0
51488,75.0
51489,64.0
51490,67.0
51491,186.0
51492,345.0
51493,57.0
51494,112.0
51495,125.0
51496,117.0
51497,77.0
51498,181.0
51499,36.0
51500,189.0
51501,44.0
51502,195.0
51503,193.0
51504,41.0
51505,106.0
51506,41.0
51507,266.0
51508,141.0
51509,118.0
51510,99.0
51511,91.0
51512,65.0
51513,50.0
51514,51.0
51515,135.0
51516,87.0
51517,48.0
51518,50.0
51519,66.0
51520,72.0
51521,82.0
51522,109.0
51523,78.0
51524,39.0
51525,55.0
51526,125.0
51527,94.0
51528,64.0
51529,84.0
51530,57.0
51531,54.0
51532,102.0
51533,304.0
51534,107.0
51535,56.0
51536,50.0
51537,37.0
51538,46.0
51539,94.0
51540,87.0
51541,60.0
51542,136.0
51543,88.0
51544,140.0
51545,37.0
51546,110.0
51547,79.0
51548,54.0
51549,49.0
51550,89.0
51551,63.0
51552,199.0
51553,125.0
51554,332.0
51555,31.0
51556,241.0
51557,65.0
51558,76.0
51559,77.0
51560,87.0
51561,42.0
51562,113.0
51563,152.0
51564,51.0
51565,122.0
51566,167.0
51567,128.0
51568,52.0
51569,38.0
51570,70.0
51571,57.0
51572,52.0
51573,51.0
51574,84.0
51575,408.0
51576,54.0
51577,96.0
51578,130.0
51579,203.0
51580,40.0
51581,40.0
51582,33.0
51583,74.0
51584,113.0
51585,51.0
51586,28.0
51587,56.0
51588,39.0
51589,263.0
51590,93.0
51591,141.0
51592,54.0
51593,79.0
51594,37.0
51595,50.0
51596,52.0
51597,39.0
51598,188.0
51599,67.0
51600,34.0
51601,48.0
51602,66.0
51603,53.0
51604,97.0
51605,104.0
51606,63.0
51607,252.0
51608,33.0
51609,44.0
51610,49.0
51611,421.0
51612,55.0
51613,113.0
51614,115.0
51615,57.0
51616,79.0
51617,105.0
51618,112.0
51619,51.0
51620,88.0
51621,55.0
51622,46.0
51623,52.0
51624,59.0
51625,72.0
51626,69.0
51627,74.0
51628,48.0
51629,86.0
51630,44.0
51631,55.0
51632,76.0
51633,41.0
51634,263.0
51635,57.0
51636,75.0
51637,45.0
51638,181.0
51639,52.0
51640,59.0
51641,51.0
51642,43.0
51643,94.0
51644,51.0
51645,45.0
51646,61.0
51647,59.0
51648,61.0
51649,26.0
51650,60.0
51651,117.0
51652,35.0
51653,58.0
51654,58.0
51655,121.0
51656,211.0
51657,122.0
51658,47.0
51659,56.0
51660,97.0
51661,52.0
51662,55.0
51663,62.0
51664,48.0
51665,114.0
51666,39.0
51667,198.0
51668,82.0
51669,125.0
51670,36.0
51671,67.0
51672,55.0
51673,119.0
51674,316.0
51675,99.0
51676,123.0
51677,77.0
51678,137.0
51679,71.0
51680,50.0
51681,41.0
51682,60.0
51683,137.0
51684,57.0
51685,73.0
51686,106.0
51687,60.0
51688,60.0
51689,112.0
51690,322.0
51691,133.0
51692,46.0
51693,49.0
51694,90.0
51695,163.0
51696,28.0
51697,81.0
51698,50.0
51699,61.0
51700,58.0
51701,534.0
51702,60.0
51703,47.0
51704,53.0
51705,53.0
51706,228.0
51707,53.0
51708,48.0
51709,45.0
51710,102.0
51711,114.0
51712,107.0
51713,70.0
51714,43.0
51715,216.0
51716,139.0
51717,199.0
51718,49.0
51719,39.0
51720,530.0
51721,437.0
51722,115.0
51723,219.0
51724,46.0
51725,277.0
51726,88.0
51727,49.0
51728,56.0
51729,376.0
51730,60.0
51731,69.0
51732,155.0
51733,35.0
51734,70.0
51735,86.0
51736,49.0
51737,54.0
51738,168.0
51739,467.0
51740,49.0
51741,51.0
51742,120.0
51743,77.0
51744,49.0
51745,57.0
51746,50.0
51747,52.0
51748,54.0
51749,161.0
51750,46.0
51751,364.0
51752,109.0
51753,109.0
51754,153.0
51755,231.0
51756,66.0
51757,177.0
51758,55.0
51759,231.0
51760,68.0
51761,139.0
51762,128.0
51763,78.0
51764,103.0
51765,60.0
51766,53.0
51767,57.0
51768,98.0
51769,48.0
51770,58.0
51771,59.0
51772,94.0
51773,149.0
51774,73.0
51775,51.0
51776,59.0
51777,107.0
51778,58.0
51779,71.0
51780,52.0
51781,46.0
51782,63.0
51783,64.0
51784,150.0
51785,145.0
51786,82.0
51787,43.0
51788,71.0
51789,88.0
51790,115.0
51791,41.0
51792,43.0
51793,383.0
51794,100.0
51795,101.0
51796,61.0
51797,56.0
51798,395.0
51799,151.0
51800,70.0
51801,380.0
51802,40.0
51803,55.0
51804,74.0
51805,73.0
51806,98.0
51807,53.0
51808,82.0
51809,51.0
51810,196.0
51811,83.0
51812,130.0
51813,239.0
51814,405.0
51815,82.0
51816,55.0
51817,100.0
51818,56.0
51819,92.0
51820,51.0
51821,50.0
51822,43.0
51823,44.0
51824,41.0
51825,78.0
51826,184.0
51827,62.0
51828,52.0
51829,48.0
51830,143.0
51831,94.0
51832,60.0
51833,111.0
51834,154.0
51835,44.0
51836,49.0
51837,64.0
51838,58.0
51839,56.0
51840,62.0
51841,122.0
51842,236.0
51843,85.0
51844,93.0
51845,109.0
51846,53.0
51847,174.0
51848,104.0
51849,141.0
51850,209.0
51851,64.0
51852,69.0
51853,121.0
51854,68.0
51855,331.0
51856,70.0
51857,201.0
51858,102.0
51859,68.0
51860,46.0
51861,103.0
51862,194.0
51863,356.0
51864,53.0
51865,86.0
51866,56.0
51867,42.0
51868,127.0
51869,56.0
51870,52.0
51871,108.0
51872,57.0
51873,58.0
51874,78.0
51875,96.0
51876,95.0
51877,62.0
51878,51.0
51879,60.0
51880,199.0
51881,56.0
51882,96.0
51883,93.0
51884,115.0
51885,65.0
51886,44.0
51887,113.0
51888,67.0
51889,51.0
51890,54.0
51891,53.0
51892,42.0
51893,264.0
51894,102.0
51895,54.0
51896,114.0
51897,81.0
51898,69.0
51899,234.0
51900,58.0
51901,61.0
51902,61.0
51903,56.0
51904,39.0
51905,61.0
51906,103.0
51907,92.0
51908,78.0
51909,62.0
51910,47.0
51911,120.0
51912,52.0
51913,187.0
51914,215.0
51915,52.0
51916,96.0
51917,87.0
51918,41.0
51919,58.0
51920,44.0
51921,105.0
51922,57.0
51923,160.0
51924,52.0
51925,152.0
51926,174.0
51927,85.0
51928,100.0
51929,76.0
51930,318.0
51931,95.0
51932,115.0
51933,47.0
51934,242.0
51935,42.0
51936,56.0
51937,50.0
51938,197.0
51939,104.0
51940,129.0
51941,91.0
51942,129.0
51943,50.0
51944,61.0
51945,230.0
51946,157.0
51947,294.0
51948,103.0
51949,38.0
51950,132.0
51951,94.0
51952,64.0
51953,62.0
51954,55.0
51955,51.0
51956,242.0
51957,90.0
51958,67.0
51959,59.0
51960,60.0
51961,50.0
51962,57.0
51963,74.0
51964,60.0
51965,43.0
51966,141.0
51967,53.0
51968,46.0
51969,52.0
51970,49.0
51971,56.0
51972,272.0
51973,162.0
51974,233.0
51975,51.0
51976,79.0
51977,224.0
51978,46.0
51979,48.0
51980,82.0
51981,41.0
51982,49.0
51983,70.0
51984,243.0
51985,70.0
51986,331.0
51987,91.0
51988,131.0
51989,106.0
51990,58.0
51991,45.0
51992,49.0
51993,51.0
51994,206.0
51995,38.0
51996,57.0
51997,39.0
51998,68.0
51999,55.0
52000,71.0
52001,59.0
52002,48.0
52003,48.0
52004,94.0
52005,42.0
52006,113.0
52007,50.0
52008,69.0
52009,103.0
52010,337.0
52011,52.0
52012,90.0
52013,40.0
52014,49.0
52015,133.0
52016,103.0
52017,113.0
52018,56.0
52019,95.0
52020,99.0
52021,49.0
52022,64.0
52023,59.0
52024,215.0
52025,71.0
52026,162.0
52027,59.0
52028,211.0
52029,153.0
52030,52.0
52031,132.0
52032,39.0
52033,54.0
52034,44.0
52035,69.0
52036,59.0
52037,70.0
52038,65.0
52039,48.0
52040,110.0
52041,54.0
52042,43.0
52043,234.0
52044,239.0
52045,91.0
52046,52.0
52047,95.0
52048,123.0
52049,46.0
52050,61.0
52051,275.0
52052,52.0
52053,333.0
52054,58.0
52055,71.0
52056,51.0
52057,55.0
52058,111.0
52059,79.0
52060,84.0
52061,129.0
52062,48.0
52063,265.0
52064,107.0
52065,41.0
52066,94.0
52067,117.0
52068,348.0
52069,46.0
52070,46.0
52071,330.0
52072,152.0
52073,62.0
52074,40.0
52075,72.0
52076,83.0
52077,43.0
52078,41.0
52079,64.0
52080,102.0
52081,88.0
52082,226.0
52083,61.0
52084,58.0
52085,52.0
52086,108.0
52087,104.0
52088,81.0
52089,48.0
52090,65.0
52091,156.0
52092,99.0
52093,45.0
52094,58.0
52095,49.0
52096,53.0
52097,56.0
52098,52.0
52099,52.0
52100,55.0
52101,51.0
52102,42.0
52103,108.0
52104,49.0
52105,44.0
52106,82.0
52107,87.0
52108,111.0
52109,204.0
52110,38.0
52111,204.0
52112,47.0
52113,77.0
52114,96.0
52115,141.0
52116,63.0
52117,61.0
52118,57.0
52119,48.0
52120,126.0
52121,184.0
52122,125.0
52123,61.0
52124,40.0
52125,296.0
52126,52.0
52127,65.0
52128,43.0
52129,140.0
52130,70.0
52131,125.0
52132,340.0
52133,52.0
52134,116.0
52135,89.0
52136,51.0
52137,44.0
52138,119.0
52139,114.0
52140,89.0
52141,115.0
52142,163.0
52143,107.0
52144,129.0
52145,100.0
52146,42.0
52147,239.0
52148,57.0
52149,86.0
52150,229.0
52151,53.0
52152,113.0
52153,62.0
52154,287.0
52155,321.0
52156,74.0
52157,90.0
52158,116.0
52159,76.0
52160,41.0
52161,54.0
52162,48.0
52163,64.0
52164,41.0
52165,66.0
52166,59.0
52167,138.0
52168,68.0
52169,47.0
52170,35.0
52171,141.0
52172,61.0
52173,246.0
52174,62.0
52175,34.0
52176,50.0
52177,45.0
52178,70.0
52179,190.0
52180,60.0
52181,86.0
52182,57.0
52183,54.0
52184,53.0
52185,41.0
52186,53.0
52187,71.0
52188,83.0
52189,109.0
52190,81.0
52191,92.0
52192,139.0
52193,41.0
52194,45.0
52195,54.0
52196,81.0
52197,51.0
52198,117.0
52199,40.0
52200,53.0
52201,41.0
52202,118.0
52203,203.0
52204,53.0
52205,59.0
52206,115.0
52207,77.0
52208,148.0
52209,61.0
52210,134.0
52211,56.0
52212,43.0
52213,91.0
52214,39.0
52215,49.0
52216,56.0
52217,156.0
52218,88.0
52219,77.0
52220,42.0
52221,44.0
52222,326.0
52223,134.0
52224,218.0
52225,53.0
52226,151.0
52227,52.0
52228,43.0
52229,66.0
52230,44.0
52231,174.0
52232,45.0
52233,77.0
52234,107.0
52235,111.0
52236,116.0
52237,83.0
52238,55.0
52239,45.0
52240,50.0
52241,56.0
52242,79.0
52243,85.0
52244,94.0
52245,180.0
52246,77.0
52247,84.0
52248,176.0
52249,32.0
52250,264.0
52251,69.0
52252,59.0
52253,89.0
52254,45.0
52255,57.0
52256,397.0
52257,73.0
52258,79.0
52259,43.0
52260,57.0
52261,52.0
52262,38.0
52263,289.0
52264,154.0
52265,58.0
52266,53.0
52267,60.0
52268,44.0
52269,132.0
52270,93.0
52271,54.0
52272,75.0
52273,188.0
52274,39.0
52275,95.0
52276,89.0
52277,69.0
52278,76.0
52279,81.0
52280,41.0
52281,45.0
52282,69.0
52283,171.0
52284,87.0
52285,171.0
52286,113.0
52287,58.0
52288,100.0
52289,68.0
52290,100.0
52291,52.0
52292,71.0
52293,272.0
52294,120.0
52295,49.0
52296,66.0
52297,38.0
52298,97.0
52299,51.0
52300,253.0
52301,208.0
52302,53.0
52303,62.0
52304,179.0
52305,113.0
52306,60.0
52307,299.0
52308,41.0
52309,55.0
52310,58.0
52311,99.0
52312,42.0
52313,129.0
52314,43.0
52315,50.0
52316,116.0
52317,110.0
52318,46.0
52319,40.0
52320,58.0
52321,57.0
52322,171.0
52323,62.0
52324,55.0
52325,177.0
52326,40.0
52327,55.0
52328,59.0
52329,74.0
52330,61.0
52331,239.0
52332,52.0
52333,52.0
52334,154.0
52335,83.0
52336,54.0
52337,39.0
52338,128.0
52339,265.0
52340,55.0
52341,83.0
52342,61.0
52343,58.0
52344,118.0
52345,56.0
52346,90.0
52347,67.0
52348,186.0
52349,76.0
52350,135.0
52351,48.0
52352,71.0
52353,48.0
52354,64.0
52355,85.0
52356,36.0
52357,80.0
52358,168.0
52359,52.0
52360,75.0
52361,46.0
52362,130.0
52363,68.0
52364,330.0
52365,59.0
52366,56.0
52367,52.0
52368,104.0
52369,80.0
52370,171.0
52371,44.0
52372,109.0
52373,58.0
52374,49.0
52375,74.0
52376,50.0
52377,135.0
52378,71.0
52379,127.0
52380,41.0
52381,66.0
52382,62.0
52383,129.0
52384,68.0
52385,203.0
52386,171.0
52387,108.0
52388,191.0
52389,54.0
52390,360.0
52391,181.0
52392,189.0
52393,116.0
52394,197.0
52395,107.0
52396,79.0
52397,48.0
52398,50.0
52399,61.0
52400,41.0
52401,81.0
52402,43.0
52403,53.0
52404,137.0
52405,87.0
52406,94.0
52407,74.0
52408,51.0
52409,54.0
52410,48.0
52411,56.0
52412,144.0
52413,145.0
52414,58.0
52415,61.0
52416,111.0
52417,117.0
52418,87.0
52419,84.0
52420,74.0
52421,30.0
52422,58.0
52423,259.0
52424,55.0
52425,109.0
52426,97.0
52427,105.0
52428,48.0
52429,55.0
52430,53.0
52431,69.0
52432,240.0
52433,50.0
52434,60.0
52435,83.0
52436,184.0
52437,69.0
52438,42.0
52439,55.0
52440,342.0
52441,47.0
52442,64.0
52443,77.0
52444,143.0
52445,85.0
52446,56.0
52447,178.0
52448,57.0
52449,93.0
52450,76.0
52451,56.0
52452,233.0
52453,53.0
52454,175.0
52455,62.0
52456,67.0
52457,58.0
52458,59.0
52459,87.0
52460,56.0
52461,94.0
52462,96.0
52463,49.0
52464,48.0
52465,98.0
52466,123.0
52467,60.0
52468,19.0
52469,93.0
52470,60.0
52471,39.0
52472,69.0
52473,130.0
52474,89.0
52475,50.0
52476,78.0
52477,42.0
52478,47.0
52479,51.0
52480,116.0
52481,175.0
52482,110.0
52483,54.0
52484,43.0
52485,50.0
52486,45.0
52487,60.0
52488,47.0
52489,179.0
52490,131.0
52491,37.0
52492,122.0
52493,82.0
52494,50.0
52495,40.0
52496,57.0
52497,61.0
52498,51.0
52499,52.0
52500,165.0
52501,34.0
52502,56.0
52503,93.0
52504,82.0
52505,91.0
52506,64.0
52507,88.0
52508,306.0
52509,43.0
52510,46.0
52511,48.0
52512,104.0
52513,42.0
52514,46.0
52515,125.0
52516,107.0
52517,90.0
52518,203.0
52519,111.0
52520,41.0
52521,53.0
52522,49.0
52523,39.0
52524,127.0
52525,81.0
52526,82.0
52527,230.0
52528,191.0
52529,228.0
52530,118.0
52531,131.0
52532,37.0
52533,48.0
52534,62.0
52535,59.0
52536,98.0
52537,94.0
52538,128.0
52539,46.0
52540,240.0
52541,50.0
52542,51.0
52543,49.0
52544,43.0
52545,42.0
52546,45.0
52547,73.0
52548,48.0
52549,82.0
52550,92.0
52551,44.0
52552,81.0
52553,115.0
52554,60.0
52555,64.0
52556,64.0
52557,106.0
52558,97.0
52559,140.0
52560,55.0
52561,49.0
52562,47.0
52563,75.0
52564,55.0
52565,55.0
52566,310.0
52567,82.0
52568,244.0
52569,51.0
52570,114.0
52571,44.0
52572,73.0
52573,383.0
52574,51.0
52575,49.0
52576,53.0
52577,150.0
52578,46.0
52579,75.0
52580,190.0
52581,66.0
52582,38.0
52583,51.0
52584,55.0
52585,50.0
52586,50.0
52587,90.0
52588,56.0
52589,63.0
52590,98.0
52591,182.0
52592,54.0
52593,73.0
52594,132.0
52595,101.0
52596,54.0
52597,53.0
52598,63.0
52599,237.0
52600,70.0
52601,94.0
52602,94.0
52603,51.0
52604,65.0
52605,93.0
52606,85.0
52607,60.0
52608,59.0
52609,139.0
52610,123.0
52611,156.0
52612,166.0
52613,71.0
52614,94.0
52615,64.0
52616,50.0
52617,523.0
52618,326.0
52619,324.0
52620,216.0
52621,335.0
52622,45.0
52623,47.0
52624,126.0
52625,41.0
52626,83.0
52627,51.0
52628,83.0
52629,95.0
52630,123.0
52631,109.0
52632,40.0
52633,73.0
52634,82.0
52635,236.0
52636,79.0
52637,148.0
52638,99.0
52639,52.0
52640,126.0
52641,60.0
52642,57.0
52643,194.0
52644,90.0
52645,75.0
52646,79.0
52647,59.0
52648,180.0
52649,75.0
52650,105.0
52651,106.0
52652,89.0
52653,43.0
52654,57.0
52655,97.0
52656,47.0
52657,71.0
52658,55.0
52659,51.0
52660,207.0
52661,70.0
52662,300.0
52663,92.0
52664,54.0
52665,51.0
52666,236.0
52667,70.0
52668,222.0
52669,75.0
52670,41.0
52671,74.0
52672,85.0
52673,60.0
52674,50.0
52675,97.0
52676,50.0
52677,230.0
52678,153.0
52679,135.0
52680,29.0
52681,82.0
52682,51.0
52683,107.0
52684,57.0
52685,85.0
52686,39.0
52687,242.0
52688,46.0
52689,56.0
52690,237.0
52691,121.0
52692,78.0
52693,52.0
52694,62.0
52695,81.0
52696,57.0
52697,46.0
52698,49.0
52699,134.0
52700,66.0
52701,34.0
52702,71.0
52703,50.0
52704,75.0
52705,416.0
52706,83.0
52707,243.0
52708,44.0
52709,40.0
52710,45.0
52711,245.0
52712,57.0
52713,96.0
52714,67.0
52715,77.0
52716,131.0
52717,50.0
52718,190.0
52719,144.0
52720,52.0
52721,89.0
52722,175.0
52723,34.0
52724,99.0
52725,58.0
52726,48.0
52727,146.0
52728,59.0
52729,37.0
52730,44.0
52731,80.0
52732,77.0
52733,70.0
52734,65.0
52735,234.0
52736,85.0
52737,107.0
52738,58.0
52739,62.0
52740,56.0
52741,50.0
52742,52.0
52743,76.0
52744,55.0
52745,43.0
52746,102.0
52747,162.0
52748,39.0
52749,69.0
52750,41.0
52751,100.0
52752,106.0
52753,36.0
52754,60.0
52755,44.0
52756,139.0
52757,70.0
52758,136.0
52759,182.0
52760,251.0
52761,58.0
52762,53.0
52763,89.0
52764,245.0
52765,81.0
52766,169.0
52767,34.0
52768,45.0
52769,173.0
52770,91.0
52771,58.0
52772,56.0
52773,54.0
52774,75.0
52775,46.0
52776,81.0
52777,231.0
52778,53.0
52779,122.0
52780,60.0
52781,69.0
52782,250.0
52783,66.0
52784,56.0
52785,122.0
52786,53.0
52787,45.0
52788,104.0
52789,68.0
52790,338.0
52791,43.0
52792,40.0
52793,180.0
52794,138.0
52795,44.0
52796,78.0
52797,54.0
52798,217.0
52799,142.0
52800,49.0
52801,84.0
52802,338.0
52803,31.0
52804,95.0
52805,80.0
52806,115.0
52807,77.0
52808,62.0
52809,126.0
52810,54.0
52811,66.0
52812,96.0
52813,81.0
52814,151.0
52815,150.0
52816,401.0
52817,120.0
52818,59.0
52819,286.0
52820,108.0
52821,100.0
52822,66.0
52823,45.0
52824,44.0
52825,45.0
52826,60.0
52827,50.0
52828,75.0
52829,82.0
52830,56.0
52831,66.0
52832,109.0
52833,168.0
52834,87.0
52835,54.0
52836,35.0
52837,60.0
52838,53.0
52839,135.0
52840,53.0
52841,123.0
52842,58.0
52843,53.0
52844,90.0
52845,84.0
52846,61.0
52847,70.0
52848,44.0
52849,47.0
52850,103.0
52851,59.0
52852,60.0
52853,63.0
52854,50.0
52855,42.0
52856,103.0
52857,358.0
52858,139.0
52859,157.0
52860,58.0
52861,35.0
52862,49.0
52863,83.0
52864,72.0
52865,156.0
52866,88.0
52867,72.0
52868,53.0
52869,49.0
52870,79.0
52871,114.0
52872,228.0
52873,73.0
52874,65.0
52875,46.0
52876,321.0
52877,61.0
52878,83.0
52879,61.0
52880,39.0
52881,59.0
52882,99.0
52883,97.0
52884,75.0
52885,68.0
52886,72.0
52887,44.0
52888,122.0
52889,67.0
52890,95.0
52891,58.0
52892,49.0
52893,139.0
52894,38.0
52895,38.0
52896,48.0
52897,43.0
52898,56.0
52899,61.0
52900,104.0
52901,96.0
52902,94.0
52903,81.0
52904,78.0
52905,45.0
52906,82.0
52907,59.0
52908,40.0
52909,246.0
52910,43.0
52911,46.0
52912,177.0
52913,58.0
52914,157.0
52915,50.0
52916,89.0
52917,150.0
52918,73.0
52919,152.0
52920,353.0
52921,37.0
52922,97.0
52923,103.0
52924,73.0
52925,102.0
52926,51.0
52927,63.0
52928,287.0
52929,59.0
52930,53.0
52931,93.0
52932,79.0
52933,53.0
52934,92.0
52935,203.0
52936,75.0
52937,115.0
52938,164.0
52939,59.0
52940,47.0
52941,159.0
52942,149.0
52943,108.0
52944,47.0
52945,47.0
52946,59.0
52947,40.0
52948,47.0
52949,168.0
52950,44.0
52951,55.0
52952,21.0
52953,51.0
52954,97.0
52955,68.0
52956,43.0
52957,80.0
52958,61.0
52959,105.0
52960,40.0
52961,47.0
52962,63.0
52963,43.0
52964,131.0
52965,61.0
52966,367.0
52967,81.0
52968,96.0
52969,58.0
52970,58.0
52971,49.0
52972,163.0
52973,240.0
52974,239.0
52975,312.0
52976,52.0
52977,72.0
52978,183.0
52979,69.0
52980,84.0
52981,50.0
52982,258.0
52983,82.0
52984,56.0
52985,64.0
52986,38.0
52987,110.0
52988,233.0
52989,149.0
52990,47.0
52991,58.0
52992,50.0
52993,142.0
52994,58.0
52995,43.0
52996,65.0
52997,41.0
52998,156.0
52999,55.0
53000,45.0
53001,97.0
53002,122.0
53003,174.0
53004,247.0
53005,61.0
53006,52.0
53007,51.0
53008,46.0
53009,49.0
53010,62.0
53011,87.0
53012,47.0
53013,99.0
53014,316.0
53015,55.0
53016,248.0
53017,43.0
53018,38.0
53019,226.0
53020,108.0
53021,80.0
53022,235.0
53023,71.0
53024,42.0
53025,82.0
53026,46.0
53027,164.0
53028,104.0
53029,78.0
53030,34.0
53031,95.0
53032,69.0
53033,55.0
53034,265.0
53035,78.0
53036,44.0
53037,76.0
53038,56.0
53039,109.0
53040,55.0
53041,231.0
53042,108.0
53043,141.0
53044,56.0
53045,93.0
53046,44.0
53047,186.0
53048,54.0
53049,52.0
53050,83.0
53051,42.0
53052,110.0
53053,80.0
53054,174.0
53055,57.0
53056,69.0
53057,75.0
53058,389.0
53059,57.0
53060,267.0
53061,58.0
53062,100.0
53063,50.0
53064,84.0
53065,41.0
53066,283.0
53067,317.0
53068,181.0
53069,71.0
53070,75.0
53071,64.0
53072,162.0
53073,78.0
53074,52.0
53075,56.0
53076,104.0
53077,49.0
53078,62.0
53079,127.0
53080,68.0
53081,63.0
53082,145.0
53083,54.0
53084,48.0
53085,242.0
53086,45.0
53087,65.0
53088,88.0
53089,92.0
53090,54.0
53091,48.0
53092,79.0
53093,167.0
53094,98.0
53095,93.0
53096,106.0
53097,96.0
53098,283.0
53099,66.0
53100,68.0
53101,57.0
53102,44.0
53103,219.0
53104,38.0
53105,60.0
53106,49.0
53107,62.0
53108,72.0
53109,89.0
53110,262.0
53111,278.0
53112,202.0
53113,62.0
53114,386.0
53115,90.0
53116,60.0
53117,58.0
53118,41.0
53119,217.0
53120,91.0
53121,113.0
53122,92.0
53123,290.0
53124,82.0
53125,83.0
53126,60.0
53127,66.0
53128,97.0
53129,56.0
53130,51.0
53131,42.0
53132,88.0
53133,62.0
53134,99.0
53135,107.0
53136,52.0
53137,55.0
53138,55.0
53139,56.0
53140,84.0
53141,76.0
53142,111.0
53143,22.0
53144,60.0
53145,178.0
53146,52.0
53147,122.0
53148,104.0
53149,112.0
53150,57.0
53151,190.0
53152,57.0
53153,55.0
53154,119.0
53155,121.0
53156,49.0
53157,55.0
53158,51.0
53159,53.0
53160,164.0
53161,287.0
53162,40.0
53163,101.0
53164,83.0
53165,82.0
53166,51.0
53167,61.0
53168,333.0
53169,133.0
53170,54.0
53171,58.0
53172,109.0
53173,62.0
53174,59.0
53175,316.0
53176,49.0
53177,74.0
53178,66.0
53179,94.0
53180,85.0
53181,150.0
53182,51.0
53183,50.0
53184,55.0
53185,57.0
53186,83.0
53187,53.0
53188,361.0
53189,40.0
53190,39.0
53191,54.0
53192,49.0
53193,256.0
53194,122.0
53195,45.0
53196,121.0
53197,40.0
53198,63.0
53199,161.0
53200,54.0
53201,118.0
53202,119.0
53203,60.0
53204,70.0
53205,60.0
53206,94.0
53207,121.0
53208,47.0
53209,45.0
53210,152.0
53211,108.0
53212,68.0
53213,88.0
53214,79.0
53215,53.0
53216,39.0
53217,59.0
53218,39.0
53219,109.0
53220,57.0
53221,54.0
53222,80.0
53223,79.0
53224,114.0
53225,350.0
53226,189.0
53227,50.0
53228,69.0
53229,48.0
53230,34.0
53231,115.0
53232,128.0
53233,123.0
53234,63.0
53235,294.0
53236,333.0
53237,48.0
53238,53.0
53239,65.0
53240,61.0
53241,84.0
53242,82.0
53243,113.0
53244,56.0
53245,53.0
53246,50.0
53247,97.0
53248,45.0
53249,58.0
53250,89.0
53251,84.0
53252,279.0
53253,56.0
53254,59.0
53255,102.0
53256,281.0
53257,166.0
53258,53.0
53259,73.0
53260,102.0
53261,312.0
53262,81.0
53263,127.0
53264,67.0
53265,145.0
53266,180.0
53267,45.0
53268,124.0
53269,82.0
53270,195.0
53271,71.0
53272,58.0
53273,65.0
53274,138.0
53275,74.0
53276,139.0
53277,50.0
53278,155.0
53279,163.0
53280,55.0
53281,49.0
53282,51.0
53283,42.0
53284,57.0
53285,82.0
53286,65.0
53287,50.0
53288,57.0
53289,56.0
53290,40.0
53291,78.0
53292,95.0
53293,97.0
53294,34.0
53295,104.0
53296,49.0
53297,43.0
53298,152.0
53299,61.0
53300,138.0
53301,51.0
53302,53.0
53303,62.0
53304,139.0
53305,67.0
53306,46.0
53307,55.0
53308,99.0
53309,69.0
53310,140.0
53311,45.0
53312,64.0
53313,46.0
53314,46.0
53315,43.0
53316,49.0
53317,347.0
53318,158.0
53319,54.0
53320,54.0
53321,119.0
53322,90.0
53323,66.0
53324,88.0
53325,107.0
53326,82.0
53327,293.0
53328,62.0
53329,104.0
53330,85.0
53331,86.0
53332,50.0
53333,52.0
53334,49.0
53335,82.0
53336,59.0
53337,60.0
53338,55.0
53339,284.0
53340,66.0
53341,292.0
53342,102.0
53343,102.0
53344,57.0
53345,36.0
53346,104.0
53347,306.0
53348,106.0
53349,203.0
53350,112.0
53351,437.0
53352,42.0
53353,120.0
53354,152.0
53355,48.0
53356,43.0
53357,77.0
53358,42.0
53359,531.0
53360,72.0
53361,58.0
53362,200.0
53363,32.0
53364,152.0
53365,38.0
53366,51.0
53367,57.0
53368,82.0
53369,151.0
53370,180.0
53371,91.0
53372,55.0
53373,110.0
53374,88.0
53375,56.0
53376,62.0
53377,90.0
53378,165.0
53379,120.0
53380,132.0
53381,81.0
53382,49.0
53383,59.0
53384,50.0
53385,321.0
53386,96.0
53387,61.0
53388,65.0
53389,76.0
53390,44.0
53391,93.0
53392,39.0
53393,117.0
53394,102.0
53395,54.0
53396,56.0
53397,34.0
53398,44.0
53399,47.0
53400,39.0
53401,152.0
53402,53.0
53403,78.0
53404,224.0
53405,364.0
53406,138.0
53407,51.0
53408,59.0
53409,54.0
53410,61.0
53411,91.0
53412,43.0
53413,61.0
53414,81.0
53415,54.0
53416,135.0
53417,67.0
53418,76.0
53419,59.0
53420,72.0
53421,80.0
53422,157.0
53423,134.0
53424,87.0
53425,374.0
53426,63.0
53427,135.0
53428,100.0
53429,51.0
53430,86.0
53431,51.0
53432,39.0
53433,281.0
53434,232.0
53435,52.0
53436,57.0
53437,39.0
53438,41.0
53439,49.0
53440,53.0
53441,77.0
53442,83.0
53443,30.0
53444,51.0
53445,38.0
53446,121.0
53447,45.0
53448,56.0
53449,114.0
53450,62.0
53451,116.0
53452,201.0
53453,136.0
53454,220.0
53455,61.0
53456,83.0
53457,133.0
53458,174.0
53459,84.0
53460,41.0
53461,165.0
53462,137.0
53463,56.0
53464,96.0
53465,49.0
53466,86.0
53467,33.0
53468,380.0
53469,144.0
53470,221.0
53471,188.0
53472,34.0
53473,49.0
53474,41.0
53475,66.0
53476,45.0
53477,225.0
53478,75.0
53479,60.0
53480,146.0
53481,110.0
53482,83.0
53483,50.0
53484,92.0
53485,267.0
53486,140.0
53487,36.0
53488,70.0
53489,179.0
53490,59.0
53491,74.0
53492,53.0
53493,99.0
53494,61.0
53495,119.0
53496,111.0
53497,117.0
53498,37.0
53499,42.0
53500,53.0
53501,206.0
53502,50.0
53503,54.0
53504,506.0
53505,89.0
53506,77.0
53507,262.0
53508,58.0
53509,56.0
53510,52.0
53511,45.0
53512,155.0
53513,49.0
53514,78.0
53515,95.0
53516,123.0
53517,148.0
53518,54.0
53519,53.0
53520,63.0
53521,41.0
53522,59.0
53523,60.0
53524,57.0
53525,38.0
53526,37.0
53527,145.0
53528,142.0
53529,44.0
53530,30.0
53531,55.0
53532,83.0
53533,91.0
53534,64.0
53535,81.0
53536,182.0
53537,51.0
53538,209.0
53539,145.0
53540,48.0
53541,175.0
53542,48.0
53543,116.0
53544,126.0
53545,158.0
53546,48.0
53547,79.0
53548,120.0
53549,89.0
53550,52.0
53551,260.0
53552,61.0
53553,45.0
53554,52.0
53555,64.0
53556,54.0
53557,49.0
53558,33.0
53559,57.0
53560,252.0
53561,64.0
53562,100.0
53563,59.0
53564,59.0
53565,106.0
53566,59.0
53567,70.0
53568,60.0
53569,95.0
53570,104.0
53571,60.0
53572,53.0
53573,62.0
53574,45.0
53575,53.0
53576,95.0
53577,178.0
53578,117.0
53579,76.0
53580,135.0
53581,79.0
53582,86.0
53583,51.0
53584,81.0
53585,147.0
53586,40.0
53587,52.0
53588,46.0
53589,54.0
53590,57.0
53591,349.0
53592,124.0
53593,359.0
53594,129.0
53595,65.0
53596,119.0
53597,349.0
53598,47.0
53599,35.0
53600,61.0
53601,42.0
53602,54.0
53603,68.0
53604,111.0
53605,84.0
53606,97.0
53607,366.0
53608,105.0
53609,337.0
53610,69.0
53611,149.0
53612,62.0
53613,57.0
53614,53.0
53615,60.0
53616,68.0
53617,148.0
53618,169.0
53619,239.0
53620,34.0
53621,52.0
53622,329.0
53623,40.0
53624,60.0
53625,88.0
53626,197.0
53627,57.0
53628,118.0
53629,59.0
53630,88.0
53631,32.0
53632,187.0
53633,59.0
53634,57.0
53635,54.0
53636,56.0
53637,43.0
53638,141.0
53639,56.0
53640,74.0
53641,61.0
53642,134.0
53643,53.0
53644,74.0
53645,44.0
53646,93.0
53647,131.0
53648,52.0
53649,64.0
53650,125.0
53651,71.0
53652,86.0
53653,72.0
53654,93.0
53655,44.0
53656,60.0
53657,115.0
53658,90.0
53659,48.0
53660,59.0
53661,242.0
53662,106.0
53663,133.0
53664,53.0
53665,433.0
53666,127.0
53667,51.0
53668,46.0
53669,117.0
53670,73.0
53671,191.0
53672,49.0
53673,41.0
53674,45.0
53675,147.0
53676,36.0
53677,53.0
53678,196.0
53679,56.0
53680,89.0
53681,67.0
53682,72.0
53683,54.0
53684,72.0
53685,173.0
53686,196.0
53687,51.0
53688,59.0
53689,127.0
53690,88.0
53691,56.0
53692,139.0
53693,111.0
53694,45.0
53695,64.0
53696,157.0
53697,214.0
53698,192.0
53699,56.0
53700,314.0
53701,279.0
53702,58.0
53703,45.0
53704,89.0
53705,110.0
53706,82.0
53707,90.0
53708,42.0
53709,69.0
53710,65.0
53711,62.0
53712,38.0
53713,70.0
53714,52.0
53715,151.0
53716,34.0
53717,114.0
53718,232.0
53719,61.0
53720,80.0
53721,71.0
53722,45.0
53723,83.0
53724,78.0
53725,91.0
53726,48.0
53727,81.0
53728,57.0
53729,271.0
53730,45.0
53731,302.0
53732,46.0
53733,55.0
53734,49.0
53735,40.0
53736,82.0
53737,328.0
53738,54.0
53739,102.0
53740,108.0
53741,337.0
53742,68.0
53743,65.0
53744,60.0
53745,93.0
53746,79.0
53747,97.0
53748,89.0
53749,178.0
53750,59.0
53751,84.0
53752,51.0
53753,57.0
53754,47.0
53755,93.0
53756,46.0
53757,58.0
53758,48.0
53759,108.0
53760,153.0
53761,47.0
53762,66.0
53763,93.0
53764,99.0
53765,102.0
53766,60.0
53767,88.0
53768,117.0
53769,342.0
53770,54.0
53771,87.0
53772,221.0
53773,33.0
53774,268.0
53775,64.0
53776,48.0
53777,211.0
53778,420.0
53779,52.0
53780,82.0
53781,139.0
53782,58.0
53783,59.0
53784,50.0
53785,55.0
53786,47.0
53787,69.0
53788,36.0
53789,80.0
53790,75.0
53791,52.0
53792,70.0
53793,42.0
53794,51.0
53795,45.0
53796,53.0
53797,49.0
53798,63.0
53799,62.0
53800,255.0
53801,62.0
53802,274.0
53803,161.0
53804,56.0
53805,117.0
53806,42.0
53807,56.0
53808,51.0
53809,140.0
53810,215.0
53811,53.0
53812,41.0
53813,38.0
53814,63.0
53815,121.0
53816,104.0
53817,46.0
53818,108.0
53819,112.0
53820,44.0
53821,60.0
53822,57.0
53823,136.0
53824,58.0
53825,50.0
53826,49.0
53827,118.0
53828,52.0
53829,132.0
53830,87.0
53831,130.0
53832,68.0
53833,62.0
53834,221.0
53835,48.0
53836,86.0
53837,167.0
53838,61.0
53839,308.0
53840,53.0
53841,81.0
53842,93.0
53843,48.0
53844,337.0
53845,112.0
53846,52.0
53847,100.0
53848,45.0
53849,56.0
53850,149.0
53851,46.0
53852,384.0
53853,122.0
53854,101.0
53855,57.0
53856,129.0
53857,71.0
53858,81.0
53859,67.0
53860,50.0
53861,95.0
53862,51.0
53863,70.0
53864,187.0
53865,83.0
53866,60.0
53867,55.0
53868,41.0
53869,85.0
53870,76.0
53871,43.0
53872,67.0
53873,42.0
53874,58.0
53875,61.0
53876,92.0
53877,56.0
53878,85.0
53879,197.0
53880,62.0
53881,74.0
53882,52.0
53883,67.0
53884,49.0
53885,247.0
53886,69.0
53887,101.0
53888,43.0
53889,82.0
53890,134.0
53891,56.0
53892,51.0
53893,72.0
53894,258.0
53895,40.0
53896,47.0
53897,43.0
53898,56.0
53899,113.0
53900,160.0
53901,41.0
53902,199.0
53903,278.0
53904,49.0
53905,136.0
53906,96.0
53907,290.0
53908,60.0
53909,54.0
53910,46.0
53911,139.0
53912,309.0
53913,51.0
53914,33.0
53915,71.0
53916,70.0
53917,86.0
53918,49.0
53919,86.0
53920,72.0
53921,63.0
53922,63.0
53923,55.0
53924,47.0
53925,59.0
53926,99.0
53927,66.0
53928,150.0
53929,133.0
53930,96.0
53931,57.0
53932,142.0
53933,59.0
53934,86.0
53935,208.0
53936,47.0
53937,45.0
53938,107.0
53939,128.0
53940,97.0
53941,41.0
53942,44.0
53943,94.0
53944,67.0
53945,227.0
